 {
    "name": "Tabbed View",
    "type": "yahoo",
    "version": "1.8.1",
    "jmakiVersion": "1.8.1",
    "docs": {
       "modelURL" : "http://wiki.java.net/bin/view/Projects/jMakiMultiViewContainerDataModel"
    },
    "image": "images/yahoo-tabbedview.jpg",
    "description": "This widget is dynamic tabbed view that can easily be configured.",
    "value": {"required":"true",
    "type": "OBJECT",
    "defaultValue":{"items":[ 
           {"label":"My Tab 1", "content": "Tab 1 Content"},
           {"label":"My Tab 2", "content": "Tab 2 Content"} ]
           }
     },
    "config" : {
    "type": {
    	"id" : "yahoo.tabbedview",
         "libs": [
                "../resources/libs/yahoo/v2.6.0/yahoo-dom-event/yahoo-dom-event.js",
                "../resources/libs/yahoo/v2.6.0/element/element-beta-min.js",
                "../resources/libs/yahoo/v2.6.0/tabview/tabview-min.js"
                 ],
         "styles": [
                "../resources/libs/yahoo/v2.6.0/tabview/assets/skins/sam/tabview.css"
                   ],
         "resources": [
                "../resources/libs/yahoo/v2.6.0/assets",
                "../resources/libs/yahoo/v2.6.0/tabview/assets"
                   ]
        } 
    },
       "topicInfo": {
       "defaultPublish" : "/yahoo/tabbedview",       "defaultSubscribe" : ["/yahoo/tabbedview", "/tabbedview"],
      "commands" : [
          {"name" : "setContent",
          "description" : "Clears the dialog and sets content to the value provided."},
          {"name" : "setInclude",
          "description" : "Clears the dialog and loads the content with the data provided by the URL. "},
          {"name" : "select",
          "description" : "Select the tabbed with the provided id."
          }
      ],       "events" : [           {"name" :  "onSelect",           "description" : "publish the id of the selected tab"}         ]    }   
 }
