{
    "name": "Tree",
    "type": "yahoo",
    "version": "1.8.1",
    "jmakiVersion": "1.8.1",
    "image": "images/yahoo-tree.jpg",
    "description": "This widget is a dynamic tree that can easily be configured.",
    "docs": {
        "modelURL" : "http://wiki.java.net/bin/view/Projects/jMakiTreeDataModel"
    },
    "hasCSS" : false, 
    "args": [
    {"topic":{"type":"STRING", "defaultValue": "/yahoo/tree", "description": "The topic published to"}}
    ],
    "value": {"required":"true",
    "type": "OBJECT",
    "defaultValue":{ 
        "root":{"title": "Default Yahoo Tree Root Node",
        "expanded": true,
        "children": [
        {"title":"Yahoo Node 1.1", "onclick": {"url":"foo"}},
        {"title":"Yahoo Node 1.2", "children": [{"title":"Node 3.1"}]}
        ] 
        }
    }
    },
    "config" : {
        "type" :
        { "id" : "yahoo.tree", 
          "libs" : [
          "../resources/libs/yahoo/v2.6.0/yahoo-dom-event/yahoo-dom-event.js",
          "../resources/libs/yahoo/v2.6.0/treeview/treeview-min.js"
          ],
          "styles" : [
          "../resources/libs/yahoo/v2.6.0/treeview/assets/skins/sam/treeview.css"
          ],
          "resources" : [
           "../resources/libs/yahoo/v2.6.0/assets",
          "../resources/libs/yahoo/v2.6.0/treeview/assets"
          ]
        }
    },
    "topicInfo": {
       "defaultPublish" : "/dojo/dijit/tree",       "defaultSubscribe" : ["/dojo/dijit/tree", "/tree"],
      "commands" : [
          {"name" : "addNodes",
          "description" : "Adds a node or subtree to the node matching the provided id in the tree."},
          {"name" : "removeNode",
          "description" : "Removes the node matching the provided id in the tree. "},
          {"name" : "removeChildren",
          "description" : "Remove the subtree matching the provided id in the tree. "},
          {"name" : "expandNode",
          "description" : "Expand the node matching the id provided."
          },
          {"name" : "collapseNode",
          "description" : "Collapse the node matching the id provided."
          }
      ],       "events" : [           {"name" :  "onExpand",           "description" : "publish the label of the expanded node."},
           {"name" :  "onCollapse",           "description" : "publish the label of the collapsed node."},
           {"name" :  "onClick",           "description" : "publish the label of the selected node."}         ]    }    
}
