 {
    "name": "Logger",
    "type": "yahoo",
    "version": "1.0",
    "jmakiVersion" : "1.8",
    "image": "images/yahoo-logger.jpg",
    "hasCSS" : false, 
    "description": "The Logger widget provides a simple way to read or write log messages in JavaScript",
    "args": [
        {"topic":{"type":"STRING", "defaultValue": "/yahoo/logger", "description": "The topic published to"}},
        {"width":{"type":"STRING", "defaultValue": "31em", "description": "Width of console"}},
        {"height":{"type":"STRING", "defaultValue": "20em", "description": "Height of container"}},
        {"left":{"type":"STRING", "defaultValue": "10%", "description": "Position from left edge of viewport"}},
        {"top":{"type":"STRING", "defaultValue": "20px", "description": "Position from top edge of viewport"}},
        {"right":{"type":"STRING", "defaultValue": "30em", "description": "Position from right edge of viewport"}},
        {"bottom":{"type":"STRING", "defaultValue": "40%", "description": "Position from bottom edge of viewport"}},
        {"fontSize":{"type":"STRING", "defaultValue": "100%", "description": "Increase default font size"}}
    ],
    "config" : {
    	"type": {
    	"id" : "yahoo.logger",
         "libs": [
                "../resources/libs/yahoo/v2.6.0/yahoo-dom-event/yahoo-dom-event.js",
                "../resources/libs/yahoo/v2.6.0/dragdrop/dragdrop-min.js",
                "../resources/libs/yahoo/v2.6.0/logger/logger-min.js"
                 ],
         "postload" : "if (typeof YAHOO != \"undefined\") {jmaki.log = YAHOO.log;jmaki.debugGlue=true;}",
         "styles": [
                "../resources/libs/yahoo/v2.6.0/logger/assets/logger.css"
                   ],
         "resources": [
                "../resources/libs/yahoo/v2.6.0/logger/assets"
                   ]
	    }
    }
}
