{
    "name": "Menu",
    "type": "yahoo",
    "version": "1.8.1", 
    "jmakiVersion" : "1.8.1",
    "image": "images/yahoo-menu.jpg",
    "description": "A vertical menu widget.",
    "docs": {
        "modelURL" : "http://wiki.java.net/bin/view/Projects/jMakiMenuDataModel"
    },  
    "hasCSS" : false,   
    "args": [
    {"position": {
         "type":"STRING", 
         "defaultValue": "static", 
         "description": "Menu position",
         "values": [
         {"value": "static", "description": "fixed position menu"},
         {"value": "dynamic","description": "dynamic floating menu"}
         ]
     }},
     {"hidedelay":{"type":"NUMBER", "defaultValue": 750, "description": "hide delay"}},
     {"fixedcenter":{"type":"BOOLEAN", "defaultValue": true, "description": "centered?"}},
     {"clicktohide":{"type":"BOOLEAN", "defaultValue": true, "description": "Click outside to menu to hide?"}},
     {"visible":{"type":"BOOLEAN", "defaultValue": true, "description": "visible at startup?"}},
     {"constraintoviewport":{"type":"BOOLEAN", "defaultValue": true, "description": "constrained to current viewport?"}},
     {"x":{"type":"NUMBER", "defaultValue": 50, "description": "menu x (left)"}},
     {"y":{"type":"NUMBER", "defaultValue": 50, "description": "menu y (top)"}}
     ],
     
     "value": {
         "required":"true",
         "type": "OBJECT",
         "defaultValue":{ }
     },
     "config" : {
         "type": {
             "id" : "yahoo.menu",
             "libs": [ 
             "../resources/libs/yahoo/v2.6.0/yahoo-dom-event/yahoo-dom-event.js",
             "../resources/libs/yahoo/v2.6.0/container/container_core-min.js",
             "../resources/libs/yahoo/v2.6.0/menu/menu-min.js"],
             "styles": [
             "../resources/libs/yahoo/v2.6.0/fonts/fonts-min.css",
             "../resources/libs/yahoo/v2.6.0/menu/assets/skins/sam/menu.css"],
             "resources": [
             "../resources/libs/yahoo/v2.6.0/assets",
             "../resources/libs/yahoo/v2.6.0/menu/assets"]        
         }
     },
    "topicInfo": {
       "defaultPublish": "/yahoo/menu",
       "events" : [
       {"name": "onClick",
       "description":"onClick publishes to its topicName when a menu item is clicked. It publishes an object with id and value. The value is structured as {index, label, item}. item is the actual yahoo menuitem object"}
       ]
    }
}
