 {
    "name": "table",
    "type": "jquery",
    "version": "1.0",
    "jmakiVersion": "1.0",    
    "image": "images/jquery-table.jpg",
    "description": "A data table widget which can be changed using publish subscribe events.",
    "args": [
         {"rowSingleSelect":{"type":"BOOLEAN", "defaultValue": true, "description": "Turns on or off row selection."}},
         {"columns":{"type":"ARRAY", "defaultValue": [], "description": "Column Names for the table."}},
         {"paginated":{"type":"BOOLEAN", "defaultValue": false, "description": "Turns on or off client-side pagination."}},
         {"rowsPerPage":{"type":"NUMBER", "defaultValue": 10, "description": "Number of rows displayed in a page."}}
    ],
    "value": {"required":"false", "type": "OBJECT",
             "defaultValue":{
                "columns":[
                              { "label" : "Title", "id" : "title"},
                              { "label":"Author", "id" : "author"},
                              { "label": "ISBN #", "id" : "isbn"},
                              { "label": "Description", "id" : "description"}
                              ],
                "rows":[
                        { "title" : "Book Title 1", "author" : "Author 1", "isbn": "4412", "description" : "A Some long description"},
                        { "id" : "foo", "title" : "Book Title 2", "author" : "Author 2", "isbn": "4412", "description" : "A Some long description"}
                       ]
             },
             "description":"An object containing a object of colums and array of row arrays to be added to the table."
     },    
     "hasCSS": false,
     "config" : {
        "type" : {
            "id" : "jquery.ui",
             "themes" : [
               {"id" : "ocean",
                 "default": true,               
                 "style" : "blue/style.css"
               },             
               {"id" : "kame",
                 "style" : "green/style.css"
               }
               ],
            "libs" : [
                "../resources/libs/jquery/jquery-1.2.6.pack.js",
                "tablesorter.js"
            ],
           "resources" : [
                "blue/",
                "green/"
            ]
        }  
    }
  }
