{
    "name": "Slider",
    "type": "yahoo",
    "version": "1.0",
    "jmakiVersion" : "1.8",
    "image": "images/yahoo-slider.jpg",
    "description": "A horizontal/vertical/button slider with a value selection of a finite range.",
    "args": [
            {"sliderType":{"type":"STRING", "defaultValue": "H", "values": [
              {"name" : "Button", "value" : "B", "description" : "Button horizontal slider."},
              {"name" : "Horizontal", "value" : "H", "description" : "Horizontal slider."},
              {"name" : "Vertical", "value" : "V", "description" : "Vertical slider."}
             ],
            "description": "The orientation of the slider."}},
            {"sizeInPixels":{"type":"NUMBER", "defaultValue": 200, "description": "Size of slider in pixels"}},    
	    {"animate":{"type":"BOOLEAN", "defaultValue": "true", "description": "Animation flag"}},
	    {"tickSize":{"type":"NUMBER", "defaultValue": 10, "description": "Tick size"}},
	    {"minValue":{"type":"NUMBER", "defaultValue": 0, "description": "Minimum value"}},
	    {"maxValue":{"type":"NUMBER", "defaultValue": 100, "description": "Maximum value"}},
	    {"initialValue":{"type":"NUMBER", "defaultValue": 50, "description": "The initial value"}}
    ],
    "config" : {
    	"type": {
		"id" : "yahoo.slider",
	        "libs": [
			    "../resources/libs/yahoo/v2.6.0/yahoo-dom-event/yahoo-dom-event.js",
			    "../resources/libs/yahoo/v2.6.0/animation/animation-min.js",
			    "../resources/libs/yahoo/v2.6.0/dragdrop/dragdrop-min.js",
			    "../resources/libs/yahoo/v2.6.0/slider/slider-min.js",
			 ],
             "styles": [
                     "../resources/libs/yahoo/v2.6.0/slider/assets/skins/sam/slider.css"],
             "resources": [
                    "../resources/libs/yahoo/v2.6.0/assets",
                    "../resources/libs/yahoo/v2.6.0/slider/assets"]
	    }
     },
    "topicInfo": {
       "type": "publish",
       "defaultPublish": "/yahoo/slider",
       "events" : [
       { "name": "onSelect",
       "description":"onChange publishes to its topicName when the slider's value is selected. It publishes an object with widgetId and value. The value is the slider's value."}
       ]
    }
}
